book,priority,cap,ticker,target_pct,stop_pct,time_cap_days,trades,active_months,take_profit_rate_pct,test_take_profit_rate_pct,profitable_rate_pct,test_profitable_rate_pct,average_trade_return_pct,test_average_trade_return_pct,profit_factor,test_profit_factor,score,strategy_code,strategy_label,entry_rule,trade_direction,state_signature,feature_keys,first_trade_date,last_trade_date
daytrade-principal,6,1D,ASAI3,2.0,4.0,1,12,6,91.66666666666666,100.0,91.66666666666666,100.0,1.5,2.0,5.5000,INF,734.4667833017143,asset_long_open_tp2_sl4_cap1__3f__range_position_20d=near_high__rsi_14=neutral_high__close_vs_ema21=up_5_10,"Discovery Acao: compra no open, alvo +2% / stop -4% / cap 1D | Posicao no range 20D: fechou perto da maxima; RSI 14 periodos: RSI neutro alto; Fechamento vs EMA21: acima forte",open,long,Posicao no range 20D: fechou perto da maxima; RSI 14 periodos: RSI neutro alto; Fechamento vs EMA21: acima forte,"range_position_20d,rsi_14,close_vs_ema21",2025-08-13,2026-04-09
daytrade-principal,1,1D,AZZA3,2.0,4.0,1,14,6,92.85714285714286,100.0,92.85714285714286,100.0,1.5714285714285714,2.0,6.5000,INF,733.1625307789325,asset_long_open_tp2_sl4_cap1__3f__prev_ret_1d=up_1_3__sma20_vs_sma50=dn_5_10__sma20_slope_5d=dn_1_5,"Discovery Acao: compra no open, alvo +2% / stop -4% / cap 1D | Retorno acumulado 1D: alta de 1% a 3%; MM20 vs MM50: abaixo forte; Inclinacao da MM20 em 5D: abaixo leve",open,long,Retorno acumulado 1D: alta de 1% a 3%; MM20 vs MM50: abaixo forte; Inclinacao da MM20 em 5D: abaixo leve,"prev_ret_1d,sma20_vs_sma50,sma20_slope_5d",2025-07-23,2026-05-05
daytrade-principal,14,1D,B3SA3,2.0,4.0,1,8,5,100.0,100.0,100.0,100.0,2.0,2.0,INF,INF,785.7247198959356,asset_long_open_tp2_sl4_cap1__3f__prev_ret_1d=up_3_5__range_position_5d=near_high__positive_days_10d=strong,"Discovery Acao: compra no open, alvo +2% / stop -4% / cap 1D | Retorno acumulado 1D: alta de 3% a 5%; Posicao no range 5D: fechou perto da maxima; Dias positivos nos ultimos 10 pregoes: 6 a 7 dias positivos em 10D",open,long,Retorno acumulado 1D: alta de 3% a 5%; Posicao no range 5D: fechou perto da maxima; Dias positivos nos ultimos 10 pregoes: 6 a 7 dias positivos em 10D,"prev_ret_1d,range_position_5d,positive_days_10d",2025-06-27,2026-03-03
daytrade-principal,10,1D,BEEF3,2.0,4.0,1,10,4,90.0,100.0,100.0,100.0,1.90309,2.0,INF,INF,751.1704133333334,asset_long_open_tp2_sl4_cap1__3f__sma50_slope_10d=dn_5_10__range_position_20d=middle__drawdown_5d=dd_1_3,"Discovery Acao: compra no open, alvo +2% / stop -4% / cap 1D | Inclinacao da MM50 em 10D: abaixo forte; Posicao no range 20D: fechou no meio; Queda desde maxima 5D: 1% a 3% abaixo da maxima",open,long,Inclinacao da MM50 em 10D: abaixo forte; Posicao no range 20D: fechou no meio; Queda desde maxima 5D: 1% a 3% abaixo da maxima,"sma50_slope_10d,range_position_20d,drawdown_5d",2025-06-27,2026-05-11
daytrade-principal,2,1D,BRKM5,2.0,4.0,1,14,7,92.85714285714286,100.0,92.85714285714286,100.0,1.8571428571428572,2.0,INF,INF,790.669024285426,asset_long_open_tp2_sl4_cap1__2f__close_vs_sma50=far_dn__day_of_week=tue,"Discovery Acao: compra no open, alvo +2% / stop -4% / cap 1D | Fechamento vs MM50: muito abaixo; Dia da semana: terca-feira",open,long,Fechamento vs MM50: muito abaixo; Dia da semana: terca-feira,"close_vs_sma50,day_of_week",2025-07-01,2026-04-28
daytrade-principal,11,1D,CEAB3,2.0,4.0,1,10,5,90.0,100.0,100.0,100.0,1.9110500000000001,2.0,INF,INF,771.4326,asset_long_open_tp2_sl4_cap1__3f__gap_pct=up_1_3__bb_position_20=middle__close_vs_ema9=up_1_5,"Discovery Acao: compra no open, alvo +2% / stop -4% / cap 1D | Gap da abertura: alta de 1% a 3%; Posicao nas Bandas de Bollinger 20D: fechou no meio; Fechamento vs EMA9: acima leve",open,long,Gap da abertura: alta de 1% a 3%; Posicao nas Bandas de Bollinger 20D: fechou no meio; Fechamento vs EMA9: acima leve,"gap_pct,bb_position_20,close_vs_ema9",2025-08-04,2026-05-08
daytrade-principal,4,1D,COGN3,2.0,4.0,1,13,9,92.3076923076923,100.0,92.3076923076923,100.0,1.5384615384615385,2.0,6.0000,INF,754.2891691960771,asset_long_open_tp2_sl4_cap1__3f__prev_ret_5d=up_3_5__drawdown_5d=dd_1_3__atr_return_5d=rel_soft_up,"Discovery Acao: compra no open, alvo +2% / stop -4% / cap 1D | Retorno acumulado 5D: alta de 3% a 5%; Queda desde maxima 5D: 1% a 3% abaixo da maxima; Retorno 5D normalizado por ATR: levemente acima",open,long,Retorno acumulado 5D: alta de 3% a 5%; Queda desde maxima 5D: 1% a 3% abaixo da maxima; Retorno 5D normalizado por ATR: levemente acima,"prev_ret_5d,drawdown_5d,atr_return_5d",2025-06-03,2026-04-15
daytrade-principal,15,1D,CSAN3,2.0,4.0,1,8,4,100.0,100.0,100.0,100.0,2.0,2.0,INF,INF,785.2247198959356,asset_long_open_tp2_sl4_cap1__3f__sma50_slope_10d=dn_1_5__compression_3v20=very_low__drawdown_10d=dd_10_15,"Discovery Acao: compra no open, alvo +2% / stop -4% / cap 1D | Inclinacao da MM50 em 10D: abaixo leve; Compressao 3D vs 20D: muito baixo; Queda desde maxima 10D: 10% a 15% abaixo da maxima",open,long,Inclinacao da MM50 em 10D: abaixo leve; Compressao 3D vs 20D: muito baixo; Queda desde maxima 10D: 10% a 15% abaixo da maxima,"sma50_slope_10d,compression_3v20,drawdown_10d",2025-07-15,2026-04-28
daytrade-principal,7,1D,CSMG3,2.0,4.0,1,12,6,100.0,100.0,100.0,100.0,2.0,2.0,INF,INF,793.633449968381,asset_long_open_tp2_sl4_cap1__3f__prev_ret_20d=shock_up__compression_3v20=very_high__positive_days_5d=strong,"Discovery Acao: compra no open, alvo +2% / stop -4% / cap 1D | Retorno acumulado 20D: choque de alta; Compressao 3D vs 20D: muito alto; Dias positivos nos ultimos 5 pregoes: 4 a 5 dias positivos em 5D",open,long,Retorno acumulado 20D: choque de alta; Compressao 3D vs 20D: muito alto; Dias positivos nos ultimos 5 pregoes: 4 a 5 dias positivos em 5D,"prev_ret_20d,compression_3v20,positive_days_5d",2025-05-19,2026-02-03
daytrade-principal,16,1D,CYRE3,2.0,4.0,1,8,6,100.0,100.0,100.0,100.0,2.0,2.0,INF,INF,794.7631814343971,asset_long_open_tp2_sl4_cap1__3f__range_position_5d=lower_band__drawdown_5d=dd_6_10__atr_return_5d=rel_soft_dn,"Discovery Acao: compra no open, alvo +2% / stop -4% / cap 1D | Posicao no range 5D: fechou na metade inferior; Queda desde maxima 5D: 6% a 10% abaixo da maxima; Retorno 5D normalizado por ATR: levemente abaixo",open,long,Posicao no range 5D: fechou na metade inferior; Queda desde maxima 5D: 6% a 10% abaixo da maxima; Retorno 5D normalizado por ATR: levemente abaixo,"range_position_5d,drawdown_5d,atr_return_5d",2025-05-23,2026-05-15
daytrade-principal,3,1D,HAPV3,2.0,4.0,1,14,5,92.85714285714286,100.0,92.85714285714286,100.0,1.5714285714285714,2.0,6.5000,INF,758.5261671425689,asset_long_open_tp2_sl4_cap1__3f__prev_ret_10d=shock_dn__sma20_vs_sma50=far_dn__positive_days_5d=weak,"Discovery Acao: compra no open, alvo +2% / stop -4% / cap 1D | Retorno acumulado 10D: choque de baixa; MM20 vs MM50: muito abaixo; Dias positivos nos ultimos 5 pregoes: 0 a 1 dia positivo em 5D",open,long,Retorno acumulado 10D: choque de baixa; MM20 vs MM50: muito abaixo; Dias positivos nos ultimos 5 pregoes: 0 a 1 dia positivo em 5D,"prev_ret_10d,sma20_vs_sma50,positive_days_5d",2025-11-28,2026-03-19
daytrade-principal,12,1D,MBRF3,2.0,4.0,1,10,4,90.0,100.0,90.0,100.0,1.4,2.0,4.5000,INF,726.3,asset_long_open_tp2_sl4_cap1__3f__gap_pct=flat__prev_ret_3d=shock_up__range_position_5d=near_high,"Discovery Acao: compra no open, alvo +2% / stop -4% / cap 1D | Gap da abertura: neutro; Retorno acumulado 3D: choque de alta; Posicao no range 5D: fechou perto da maxima",open,long,Gap da abertura: neutro; Retorno acumulado 3D: choque de alta; Posicao no range 5D: fechou perto da maxima,"gap_pct,prev_ret_3d,range_position_5d",2025-11-12,2026-03-30
daytrade-principal,5,1D,MGLU3,2.0,4.0,1,13,5,92.3076923076923,100.0,92.3076923076923,100.0,1.5384615384615385,2.0,6.0000,INF,739.4596237415316,asset_long_open_tp2_sl4_cap1__3f__sma5_vs_sma20=dn_5_10__rsi_14=neutral_low__day_of_week=tue,"Discovery Acao: compra no open, alvo +2% / stop -4% / cap 1D | MM5 vs MM20: abaixo forte; RSI 14 periodos: RSI neutro baixo; Dia da semana: terca-feira",open,long,MM5 vs MM20: abaixo forte; RSI 14 periodos: RSI neutro baixo; Dia da semana: terca-feira,"sma5_vs_sma20,rsi_14,day_of_week",2025-08-05,2026-03-31
daytrade-principal,8,1D,RENT3,2.0,4.0,1,11,5,100.0,100.0,100.0,100.0,2.0,2.0,INF,INF,807.9561414812658,asset_long_open_tp2_sl4_cap1__3f__close_vs_sma20=up_5_10__positive_days_10d=neutral__close_vs_ema21=up_5_10,"Discovery Acao: compra no open, alvo +2% / stop -4% / cap 1D | Fechamento vs MM20: acima forte; Dias positivos nos ultimos 10 pregoes: 4 a 5 dias positivos em 10D; Fechamento vs EMA21: acima forte",open,long,Fechamento vs MM20: acima forte; Dias positivos nos ultimos 10 pregoes: 4 a 5 dias positivos em 10D; Fechamento vs EMA21: acima forte,"close_vs_sma20,positive_days_10d,close_vs_ema21",2025-09-22,2026-04-10
daytrade-principal,13,1D,USIM5,2.0,4.0,1,10,5,90.0,100.0,100.0,100.0,1.8334400000000002,2.0,INF,INF,787.8584228571428,asset_long_open_tp2_sl4_cap1__3f__prev_ret_10d=shock_up__rsi_14=neutral_high__bb_position_20=near_high,"Discovery Acao: compra no open, alvo +2% / stop -4% / cap 1D | Retorno acumulado 10D: choque de alta; RSI 14 periodos: RSI neutro alto; Posicao nas Bandas de Bollinger 20D: fechou perto da maxima",open,long,Retorno acumulado 10D: choque de alta; RSI 14 periodos: RSI neutro alto; Posicao nas Bandas de Bollinger 20D: fechou perto da maxima,"prev_ret_10d,rsi_14,bb_position_20",2025-09-08,2026-03-03
daytrade-principal,9,1D,VAMO3,2.0,4.0,1,11,6,90.9090909090909,100.0,100.0,100.0,1.865409090909091,2.0,INF,INF,784.1705960267203,asset_long_open_tp2_sl4_cap1__2f__prev_ret_2d=up_5_8__positive_days_10d=neutral,"Discovery Acao: compra no open, alvo +2% / stop -4% / cap 1D | Retorno acumulado 2D: alta de 5% a 8%; Dias positivos nos ultimos 10 pregoes: 4 a 5 dias positivos em 10D",open,long,Retorno acumulado 2D: alta de 5% a 8%; Dias positivos nos ultimos 10 pregoes: 4 a 5 dias positivos em 10D,"prev_ret_2d,positive_days_10d",2025-05-19,2026-03-27
daytrade-principal,17,1D,YDUQ3,2.0,4.0,1,8,4,100.0,100.0,100.0,100.0,2.0,2.0,INF,INF,793.7247198959356,asset_long_open_tp2_sl4_cap1__3f__sma20_slope_5d=dn_1_5__intraday_return_prev=up_1_3__drawdown_5d=dd_1_3,"Discovery Acao: compra no open, alvo +2% / stop -4% / cap 1D | Inclinacao da MM20 em 5D: abaixo leve; Retorno intraday do candle de referencia: alta de 1% a 3%; Queda desde maxima 5D: 1% a 3% abaixo da maxima",open,long,Inclinacao da MM20 em 5D: abaixo leve; Retorno intraday do candle de referencia: alta de 1% a 3%; Queda desde maxima 5D: 1% a 3% abaixo da maxima,"sma20_slope_5d,intraday_return_prev,drawdown_5d",2025-10-20,2026-05-06
daytrade-cobertura-15,64,1D,ABEV3,1.5,3.0,1,8,4,100.0,100.0,100.0,100.0,1.5,1.5,INF,INF,790.7247198959356,asset_long_open_tp1_5_sl3_cap1__3f__prev_ret_20d=shock_up__rsi_14=high__day_of_week=mon,"Discovery Acao: compra no open, alvo +1.5% / stop -3% / cap 1D | Retorno acumulado 20D: choque de alta; RSI 14 periodos: RSI alto; Dia da semana: segunda-feira",open,long,Retorno acumulado 20D: choque de alta; RSI 14 periodos: RSI alto; Dia da semana: segunda-feira,"prev_ret_20d,rsi_14,day_of_week",2025-11-10,2026-02-23
daytrade-cobertura-15,61,1D,ALOS3,1.5,3.0,1,9,6,100.0,100.0,100.0,100.0,1.5,1.5,INF,INF,784.8006067421812,asset_long_open_tp1_5_sl3_cap1__3f__sma5_vs_sma20=near__intraday_return_prev=up_1_3__streak_direction=up_2_3,"Discovery Acao: compra no open, alvo +1.5% / stop -3% / cap 1D | MM5 vs MM20: perto do equilibrio; Retorno intraday do candle de referencia: alta de 1% a 3%; Sequencia de altas/quedas: alta em 2 a 3 pregoes seguidos",open,long,MM5 vs MM20: perto do equilibrio; Retorno intraday do candle de referencia: alta de 1% a 3%; Sequencia de altas/quedas: alta em 2 a 3 pregoes seguidos,"sma5_vs_sma20,intraday_return_prev,streak_direction",2025-08-07,2026-04-02
daytrade-cobertura-15,20,1D,AURE3,1.5,3.0,1,12,8,91.66666666666666,100.0,91.66666666666666,100.0,1.125,1.5,5.5000,INF,725.8001166350476,asset_long_open_tp1_5_sl3_cap1__3f__gap_pct=flat__range_position_10d=middle__day_of_week=tue,"Discovery Acao: compra no open, alvo +1.5% / stop -3% / cap 1D | Gap da abertura: neutro; Posicao no range 10D: fechou no meio; Dia da semana: terca-feira",open,long,Gap da abertura: neutro; Posicao no range 10D: fechou no meio; Dia da semana: terca-feira,"gap_pct,range_position_10d,day_of_week",2025-06-10,2026-03-31
daytrade-cobertura-15,65,1D,AXIA3,1.5,3.0,1,8,5,100.0,100.0,100.0,100.0,1.5,1.5,INF,INF,775.5818627530784,asset_long_open_tp1_5_sl3_cap1__3f__gap_pct=flat__prev_ret_1d=flat__day_of_week=tue,"Discovery Acao: compra no open, alvo +1.5% / stop -3% / cap 1D | Gap da abertura: neutro; Retorno acumulado 1D: neutro; Dia da semana: terca-feira",open,long,Gap da abertura: neutro; Retorno acumulado 1D: neutro; Dia da semana: terca-feira,"gap_pct,prev_ret_1d,day_of_week",2025-11-25,2026-05-05
daytrade-cobertura-15,22,1D,BBAS3,1.5,3.0,1,12,5,100.0,100.0,100.0,100.0,1.5,1.5,INF,INF,774.758449968381,asset_long_open_tp1_5_sl3_cap1__3f__sma50_slope_10d=near__positive_days_10d=strong__atr_return_5d=rel_shock_up,"Discovery Acao: compra no open, alvo +1.5% / stop -3% / cap 1D | Inclinacao da MM50 em 10D: perto do equilibrio; Dias positivos nos ultimos 10 pregoes: 6 a 7 dias positivos em 10D; Retorno 5D normalizado por ATR: muito acima do normal",open,long,Inclinacao da MM50 em 10D: perto do equilibrio; Dias positivos nos ultimos 10 pregoes: 6 a 7 dias positivos em 10D; Retorno 5D normalizado por ATR: muito acima do normal,"sma50_slope_10d,positive_days_10d,atr_return_5d",2025-09-11,2026-04-09
daytrade-cobertura-15,35,1D,BBDC3,1.5,3.0,1,11,10,90.9090909090909,100.0,90.9090909090909,100.0,1.3001454545454545,1.5,21.4777,INF,785.0844020873265,asset_long_open_tp1_5_sl3_cap1__3f__prev_ret_2d=flat__day_of_week=tue__atr_return_1d=rel_near,"Discovery Acao: compra no open, alvo +1.5% / stop -3% / cap 1D | Retorno acumulado 2D: neutro; Dia da semana: terca-feira; Retorno 1D normalizado por ATR: perto do normal",open,long,Retorno acumulado 2D: neutro; Dia da semana: terca-feira; Retorno 1D normalizado por ATR: perto do normal,"prev_ret_2d,day_of_week,atr_return_1d",2025-05-20,2026-04-07
daytrade-cobertura-15,23,1D,BPAC11,1.5,3.0,1,12,6,91.66666666666666,100.0,91.66666666666666,100.0,1.125,1.5,5.5000,INF,714.4667833017143,asset_long_open_tp1_5_sl3_cap1__3f__volume_ratio_20d=low__positive_days_5d=strong__volume_spike_1d=very_low,"Discovery Acao: compra no open, alvo +1.5% / stop -3% / cap 1D | Volume vs media 20D: baixo; Dias positivos nos ultimos 5 pregoes: 4 a 5 dias positivos em 5D; Spike de volume vs maximo 5D: muito baixo",open,long,Volume vs media 20D: baixo; Dias positivos nos ultimos 5 pregoes: 4 a 5 dias positivos em 5D; Spike de volume vs maximo 5D: muito baixo,"volume_ratio_20d,positive_days_5d,volume_spike_1d",2025-08-08,2026-04-13
daytrade-cobertura-15,36,1D,BRAP4,1.5,3.0,1,11,5,90.9090909090909,100.0,100.0,100.0,1.4303272727272727,1.5,INF,INF,766.6465839055082,asset_long_open_tp1_5_sl3_cap1__3f__sma50_slope_10d=up_1_5__range_position_5d=upper_band__positive_days_5d=soft_strong,"Discovery Acao: compra no open, alvo +1.5% / stop -3% / cap 1D | Inclinacao da MM50 em 10D: acima leve; Posicao no range 5D: fechou na metade superior; Dias positivos nos ultimos 5 pregoes: 3 dias positivos em 5D",open,long,Inclinacao da MM50 em 10D: acima leve; Posicao no range 5D: fechou na metade superior; Dias positivos nos ultimos 5 pregoes: 3 dias positivos em 5D,"sma50_slope_10d,range_position_5d,positive_days_5d",2025-10-27,2026-03-02
daytrade-cobertura-15,62,1D,BRAV3,1.5,3.0,1,9,6,100.0,100.0,100.0,100.0,1.5,1.5,INF,INF,757.7703037118782,asset_long_open_tp1_5_sl3_cap1__3f__gap_vs_atr14=rel_near__compression_3v20=high__close_vs_ema9=up_1_5,"Discovery Acao: compra no open, alvo +1.5% / stop -3% / cap 1D | Gap vs ATR14: perto do normal; Compressao 3D vs 20D: alto; Fechamento vs EMA9: acima leve",open,long,Gap vs ATR14: perto do normal; Compressao 3D vs 20D: alto; Fechamento vs EMA9: acima leve,"gap_vs_atr14,compression_3v20,close_vs_ema9",2025-06-05,2026-04-09
daytrade-cobertura-15,66,1D,CMIG4,1.5,3.0,1,8,5,100.0,100.0,100.0,100.0,1.5,1.5,INF,INF,773.3497198959356,asset_long_open_tp1_5_sl3_cap1__3f__prev_ret_20d=up_3_5__positive_days_5d=soft_weak__day_of_week=tue,"Discovery Acao: compra no open, alvo +1.5% / stop -3% / cap 1D | Retorno acumulado 20D: alta de 3% a 5%; Dias positivos nos ultimos 5 pregoes: 2 dias positivos em 5D; Dia da semana: terca-feira",open,long,Retorno acumulado 20D: alta de 3% a 5%; Dias positivos nos ultimos 5 pregoes: 2 dias positivos em 5D; Dia da semana: terca-feira,"prev_ret_20d,positive_days_5d,day_of_week",2025-08-26,2026-03-31
daytrade-cobertura-15,37,1D,CMIN3,1.5,3.0,1,11,8,90.9090909090909,100.0,90.9090909090909,100.0,1.0909090909090908,1.5,5.0000,INF,713.6493232994476,asset_long_open_tp1_5_sl3_cap1__3f__prev_ret_1d=flat__sma50_slope_10d=near__intraday_return_prev=up_1_3,"Discovery Acao: compra no open, alvo +1.5% / stop -3% / cap 1D | Retorno acumulado 1D: neutro; Inclinacao da MM50 em 10D: perto do equilibrio; Retorno intraday do candle de referencia: alta de 1% a 3%",open,long,Retorno acumulado 1D: neutro; Inclinacao da MM50 em 10D: perto do equilibrio; Retorno intraday do candle de referencia: alta de 1% a 3%,"prev_ret_1d,sma50_slope_10d,intraday_return_prev",2025-05-27,2026-03-20
daytrade-cobertura-15,50,1D,CPFE3,1.5,3.0,1,10,8,90.0,100.0,90.0,100.0,1.23293,1.5,11.5316,INF,738.5565136061045,asset_long_open_tp1_5_sl3_cap1__2f__prev_ret_3d=flat__range_position_10d=near_high,"Discovery Acao: compra no open, alvo +1.5% / stop -3% / cap 1D | Retorno acumulado 3D: neutro; Posicao no range 10D: fechou perto da maxima",open,long,Retorno acumulado 3D: neutro; Posicao no range 10D: fechou perto da maxima,"prev_ret_3d,range_position_10d",2025-05-26,2026-04-08
daytrade-cobertura-15,38,1D,CPLE3,1.5,3.0,1,11,7,90.9090909090909,100.0,90.9090909090909,100.0,1.3309909090909091,1.5,41.7711,INF,764.1212142085385,asset_long_open_tp1_5_sl3_cap1__3f__gap_pct=flat__prev_ret_3d=dn_1_3__day_of_week=tue,"Discovery Acao: compra no open, alvo +1.5% / stop -3% / cap 1D | Gap da abertura: neutro; Retorno acumulado 3D: queda de 1% a 3%; Dia da semana: terca-feira",open,long,Gap da abertura: neutro; Retorno acumulado 3D: queda de 1% a 3%; Dia da semana: terca-feira,"gap_pct,prev_ret_3d,day_of_week",2025-06-24,2026-03-31
daytrade-cobertura-15,25,1D,CSNA3,1.5,3.0,1,12,8,91.66666666666666,100.0,91.66666666666666,100.0,1.125,1.5,5.5000,INF,710.4667833017143,asset_long_open_tp1_5_sl3_cap1__3f__range_position_10d=middle__day_of_week=tue__volume_spike_1d=very_low,"Discovery Acao: compra no open, alvo +1.5% / stop -3% / cap 1D | Posicao no range 10D: fechou no meio; Dia da semana: terca-feira; Spike de volume vs maximo 5D: muito baixo",open,long,Posicao no range 10D: fechou no meio; Dia da semana: terca-feira; Spike de volume vs maximo 5D: muito baixo,"range_position_10d,day_of_week,volume_spike_1d",2025-05-20,2026-04-14
daytrade-cobertura-15,40,1D,CURY3,1.5,3.0,1,11,5,100.0,100.0,100.0,100.0,1.5,1.5,INF,INF,780.4561414812658,asset_long_open_tp1_5_sl3_cap1__2f__sma20_slope_5d=dn_1_5__day_of_week=tue,"Discovery Acao: compra no open, alvo +1.5% / stop -3% / cap 1D | Inclinacao da MM20 em 5D: abaixo leve; Dia da semana: terca-feira",open,long,Inclinacao da MM20 em 5D: abaixo leve; Dia da semana: terca-feira,"sma20_slope_5d,day_of_week",2025-10-14,2026-05-12
daytrade-cobertura-15,51,1D,DIRR3,1.5,3.0,1,10,6,100.0,100.0,100.0,100.0,1.5,1.5,INF,INF,777.5,asset_long_open_tp1_5_sl3_cap1__3f__volume_ratio_20d=normal__range_position_10d=upper_band__positive_days_5d=soft_strong,"Discovery Acao: compra no open, alvo +1.5% / stop -3% / cap 1D | Volume vs media 20D: normal; Posicao no range 10D: fechou na metade superior; Dias positivos nos ultimos 5 pregoes: 3 dias positivos em 5D",open,long,Volume vs media 20D: normal; Posicao no range 10D: fechou na metade superior; Dias positivos nos ultimos 5 pregoes: 3 dias positivos em 5D,"volume_ratio_20d,range_position_10d,positive_days_5d",2025-05-23,2026-02-02
daytrade-cobertura-15,52,1D,EGIE3,1.5,3.0,1,10,6,90.0,100.0,90.0,100.0,1.26304,1.5,15.5244,INF,738.729617074517,asset_long_open_tp1_5_sl3_cap1__3f__gap_pct=flat__rsi_14=neutral_high__atr_return_5d=rel_shock_up,"Discovery Acao: compra no open, alvo +1.5% / stop -3% / cap 1D | Gap da abertura: neutro; RSI 14 periodos: RSI neutro alto; Retorno 5D normalizado por ATR: muito acima do normal",open,long,Gap da abertura: neutro; RSI 14 periodos: RSI neutro alto; Retorno 5D normalizado por ATR: muito acima do normal,"gap_pct,rsi_14,atr_return_5d",2025-05-20,2026-04-07
daytrade-cobertura-15,15,1D,ENEV3,1.5,3.0,1,13,10,92.3076923076923,100.0,100.0,100.0,1.4220461538461537,1.5,INF,INF,789.9248186133266,asset_long_open_tp1_5_sl3_cap1__3f__prev_ret_1d=flat__gap_vs_atr14=rel_near__day_of_week=tue,"Discovery Acao: compra no open, alvo +1.5% / stop -3% / cap 1D | Retorno acumulado 1D: neutro; Gap vs ATR14: perto do normal; Dia da semana: terca-feira",open,long,Retorno acumulado 1D: neutro; Gap vs ATR14: perto do normal; Dia da semana: terca-feira,"prev_ret_1d,gap_vs_atr14,day_of_week",2025-06-03,2026-05-05
daytrade-cobertura-15,63,1D,ENGI11,1.5,3.0,1,9,8,100.0,100.0,100.0,100.0,1.5,1.5,INF,INF,788.3157582573327,asset_long_open_tp1_5_sl3_cap1__3f__intraday_return_prev=up_1_3__drawdown_5d=dd_1_3__streak_direction=up_2_3,"Discovery Acao: compra no open, alvo +1.5% / stop -3% / cap 1D | Retorno intraday do candle de referencia: alta de 1% a 3%; Queda desde maxima 5D: 1% a 3% abaixo da maxima; Sequencia de altas/quedas: alta em 2 a 3 pregoes seguidos",open,long,Retorno intraday do candle de referencia: alta de 1% a 3%; Queda desde maxima 5D: 1% a 3% abaixo da maxima; Sequencia de altas/quedas: alta em 2 a 3 pregoes seguidos,"intraday_return_prev,drawdown_5d,streak_direction",2025-05-26,2026-03-11
daytrade-cobertura-15,67,1D,EQTL3,1.5,3.0,1,8,6,100.0,100.0,100.0,100.0,1.5,1.5,INF,INF,776.7247198959356,asset_long_open_tp1_5_sl3_cap1__3f__sma20_vs_sma50=up_1_5__range_position_10d=middle__day_of_week=tue,"Discovery Acao: compra no open, alvo +1.5% / stop -3% / cap 1D | MM20 vs MM50: acima leve; Posicao no range 10D: fechou no meio; Dia da semana: terca-feira",open,long,MM20 vs MM50: acima leve; Posicao no range 10D: fechou no meio; Dia da semana: terca-feira,"sma20_vs_sma50,range_position_10d,day_of_week",2025-06-03,2026-03-17
daytrade-cobertura-15,53,1D,FLRY3,1.5,3.0,1,10,6,90.0,100.0,100.0,100.0,1.42812,1.5,INF,INF,760.38744,asset_long_open_tp1_5_sl3_cap1__2f__range_position_20d=lower_band__day_of_week=tue,"Discovery Acao: compra no open, alvo +1.5% / stop -3% / cap 1D | Posicao no range 20D: fechou na metade inferior; Dia da semana: terca-feira",open,long,Posicao no range 20D: fechou na metade inferior; Dia da semana: terca-feira,"range_position_20d,day_of_week",2025-10-14,2026-05-12
daytrade-cobertura-15,12,1D,GGBR4,1.5,3.0,1,14,6,92.85714285714286,90.9090909090909,92.85714285714286,90.9090909090909,1.1785714285714286,1.0909090909090908,6.5000,5.0000,595.6982450646467,asset_long_open_tp1_5_sl3_cap1__3f__prev_ret_1d=flat__prev_ret_3d=flat__prev_ret_20d=shock_up,"Discovery Acao: compra no open, alvo +1.5% / stop -3% / cap 1D | Retorno acumulado 1D: neutro; Retorno acumulado 3D: neutro; Retorno acumulado 20D: choque de alta",open,long,Retorno acumulado 1D: neutro; Retorno acumulado 3D: neutro; Retorno acumulado 20D: choque de alta,"prev_ret_1d,prev_ret_3d,prev_ret_20d",2025-10-27,2026-05-15
daytrade-cobertura-15,54,1D,GOAU4,1.5,3.0,1,10,8,90.0,100.0,100.0,100.0,1.4032499999999999,1.5,INF,INF,786.3389999999999,asset_long_open_tp1_5_sl3_cap1__3f__prev_ret_1d=up_1_3__day_of_week=tue__atr_return_1d=rel_soft_up,"Discovery Acao: compra no open, alvo +1.5% / stop -3% / cap 1D | Retorno acumulado 1D: alta de 1% a 3%; Dia da semana: terca-feira; Retorno 1D normalizado por ATR: levemente acima",open,long,Retorno acumulado 1D: alta de 1% a 3%; Dia da semana: terca-feira; Retorno 1D normalizado por ATR: levemente acima,"prev_ret_1d,day_of_week,atr_return_1d",2025-07-01,2026-02-03
daytrade-cobertura-15,7,1D,HYPE3,1.5,3.0,1,15,8,93.33333333333333,100.0,93.33333333333333,100.0,1.2,1.5,7.0000,INF,728.8238815875968,asset_long_open_tp1_5_sl3_cap1__3f__gap_vs_range20=rel_near__sma20_slope_5d=near__day_of_week=tue,"Discovery Acao: compra no open, alvo +1.5% / stop -3% / cap 1D | Gap vs range medio 20D: perto do normal; Inclinacao da MM20 em 5D: perto do equilibrio; Dia da semana: terca-feira",open,long,Gap vs range medio 20D: perto do normal; Inclinacao da MM20 em 5D: perto do equilibrio; Dia da semana: terca-feira,"gap_vs_range20,sma20_slope_5d,day_of_week",2025-07-15,2026-05-12
daytrade-cobertura-15,16,1D,IGTI11,1.5,3.0,1,13,8,92.3076923076923,100.0,92.3076923076923,100.0,1.368946153846154,1.5,88.3652,INF,778.6361034618113,asset_long_open_tp1_5_sl3_cap1__3f__drawdown_10d=dd_1_3__atr_return_1d=rel_near__atr_return_5d=rel_up,"Discovery Acao: compra no open, alvo +1.5% / stop -3% / cap 1D | Queda desde maxima 10D: 1% a 3% abaixo da maxima; Retorno 1D normalizado por ATR: perto do normal; Retorno 5D normalizado por ATR: acima do normal",open,long,Queda desde maxima 10D: 1% a 3% abaixo da maxima; Retorno 1D normalizado por ATR: perto do normal; Retorno 5D normalizado por ATR: acima do normal,"drawdown_10d,atr_return_1d,atr_return_5d",2025-06-03,2026-04-15
daytrade-cobertura-15,17,1D,IRBR3,1.5,3.0,1,13,7,100.0,100.0,100.0,100.0,1.5,1.5,INF,INF,756.8730852799931,asset_long_open_tp1_5_sl3_cap1__2f__sma20_vs_sma50=dn_1_5__day_of_week=tue,"Discovery Acao: compra no open, alvo +1.5% / stop -3% / cap 1D | MM20 vs MM50: abaixo leve; Dia da semana: terca-feira",open,long,MM20 vs MM50: abaixo leve; Dia da semana: terca-feira,"sma20_vs_sma50,day_of_week",2025-05-20,2026-05-05
daytrade-cobertura-15,41,1D,ITSA4,1.5,3.0,1,11,7,90.9090909090909,100.0,90.9090909090909,100.0,1.3289363636363636,1.5,39.2979,INF,750.5056505721749,asset_long_open_tp1_5_sl3_cap1__3f__sma20_slope_5d=near__gap_vs_atr14=rel_soft_dn__drawdown_5d=dd_1_3,"Discovery Acao: compra no open, alvo +1.5% / stop -3% / cap 1D | Inclinacao da MM20 em 5D: perto do equilibrio; Gap vs ATR14: levemente abaixo; Queda desde maxima 5D: 1% a 3% abaixo da maxima",open,long,Inclinacao da MM20 em 5D: perto do equilibrio; Gap vs ATR14: levemente abaixo; Queda desde maxima 5D: 1% a 3% abaixo da maxima,"sma20_slope_5d,gap_vs_atr14,drawdown_5d",2025-06-13,2026-04-02
daytrade-cobertura-15,55,1D,ITUB4,1.5,3.0,1,10,5,90.0,100.0,100.0,100.0,1.43262,1.5,INF,INF,751.580328888889,asset_long_open_tp1_5_sl3_cap1__3f__sma50_slope_10d=near__rsi_14=neutral_high__atr_return_5d=rel_shock_up,"Discovery Acao: compra no open, alvo +1.5% / stop -3% / cap 1D | Inclinacao da MM50 em 10D: perto do equilibrio; RSI 14 periodos: RSI neutro alto; Retorno 5D normalizado por ATR: muito acima do normal",open,long,Inclinacao da MM50 em 10D: perto do equilibrio; RSI 14 periodos: RSI neutro alto; Retorno 5D normalizado por ATR: muito acima do normal,"sma50_slope_10d,rsi_14,atr_return_5d",2025-08-08,2026-04-15
daytrade-cobertura-15,42,1D,LREN3,1.5,3.0,1,11,5,90.9090909090909,100.0,90.9090909090909,100.0,1.2369999999999999,1.5,10.7681,INF,716.297702337495,asset_long_open_tp1_5_sl3_cap1__3f__close_vs_sma50=dn_5_10__range_position_10d=middle__bb_position_20=lower_band,"Discovery Acao: compra no open, alvo +1.5% / stop -3% / cap 1D | Fechamento vs MM50: abaixo forte; Posicao no range 10D: fechou no meio; Posicao nas Bandas de Bollinger 20D: fechou na metade inferior",open,long,Fechamento vs MM50: abaixo forte; Posicao no range 10D: fechou no meio; Posicao nas Bandas de Bollinger 20D: fechou na metade inferior,"close_vs_sma50,range_position_10d,bb_position_20",2025-08-05,2026-05-06
daytrade-cobertura-15,43,1D,MOTV3,1.5,3.0,1,11,7,90.9090909090909,100.0,90.9090909090909,100.0,1.1175636363636363,1.5,5.5416,INF,716.5939746529411,asset_long_open_tp1_5_sl3_cap1__3f__gap_vs_range20=rel_soft_dn__range_position_10d=lower_band__rsi_14=neutral_low,"Discovery Acao: compra no open, alvo +1.5% / stop -3% / cap 1D | Gap vs range medio 20D: levemente abaixo; Posicao no range 10D: fechou na metade inferior; RSI 14 periodos: RSI neutro baixo",open,long,Gap vs range medio 20D: levemente abaixo; Posicao no range 10D: fechou na metade inferior; RSI 14 periodos: RSI neutro baixo,"gap_vs_range20,range_position_10d,rsi_14",2025-06-11,2026-04-29
daytrade-cobertura-15,56,1D,MRVE3,1.5,3.0,1,10,8,90.0,100.0,90.0,100.0,1.05,1.5,4.5000,INF,708.7818181818182,asset_long_open_tp1_5_sl3_cap1__2f__prev_ret_2d=up_1_3__day_of_week=tue,"Discovery Acao: compra no open, alvo +1.5% / stop -3% / cap 1D | Retorno acumulado 2D: alta de 1% a 3%; Dia da semana: terca-feira",open,long,Retorno acumulado 2D: alta de 1% a 3%; Dia da semana: terca-feira,"prev_ret_2d,day_of_week",2025-05-27,2026-03-24
daytrade-cobertura-15,27,1D,MULT3,1.5,3.0,1,12,4,91.66666666666666,100.0,91.66666666666666,100.0,1.125,1.5,5.5000,INF,682.9112277461587,asset_long_open_tp1_5_sl3_cap1__2f__sma20_vs_sma50=dn_1_5__atr_return_5d=rel_soft_up,"Discovery Acao: compra no open, alvo +1.5% / stop -3% / cap 1D | MM20 vs MM50: abaixo leve; Retorno 5D normalizado por ATR: levemente acima",open,long,MM20 vs MM50: abaixo leve; Retorno 5D normalizado por ATR: levemente acima,"sma20_vs_sma50,atr_return_5d",2025-08-04,2026-04-02
daytrade-cobertura-15,68,1D,NATU3,1.5,3.0,1,8,6,100.0,100.0,100.0,100.0,1.5,1.5,INF,INF,770.7247198959356,asset_long_open_tp1_5_sl3_cap1__3f__streak_direction=up_1__rsi_14=neutral_low__volume_spike_1d=low,"Discovery Acao: compra no open, alvo +1.5% / stop -3% / cap 1D | Sequencia de altas/quedas: alta no ultimo pregao; RSI 14 periodos: RSI neutro baixo; Spike de volume vs maximo 5D: baixo",open,long,Sequencia de altas/quedas: alta no ultimo pregao; RSI 14 periodos: RSI neutro baixo; Spike de volume vs maximo 5D: baixo,"streak_direction,rsi_14,volume_spike_1d",2025-08-07,2026-05-15
daytrade-cobertura-15,57,1D,PETR3,1.5,3.0,1,10,6,90.0,100.0,100.0,100.0,1.3587799999999999,1.5,INF,INF,743.80536,asset_long_open_tp1_5_sl3_cap1__3f__range_position_10d=upper_band__positive_days_10d=neutral__atr_return_1d=rel_near,"Discovery Acao: compra no open, alvo +1.5% / stop -3% / cap 1D | Posicao no range 10D: fechou na metade superior; Dias positivos nos ultimos 10 pregoes: 4 a 5 dias positivos em 10D; Retorno 1D normalizado por ATR: perto do normal",open,long,Posicao no range 10D: fechou na metade superior; Dias positivos nos ultimos 10 pregoes: 4 a 5 dias positivos em 10D; Retorno 1D normalizado por ATR: perto do normal,"range_position_10d,positive_days_10d,atr_return_1d",2025-06-17,2026-03-11
daytrade-cobertura-15,28,1D,PETR4,1.5,3.0,1,12,10,91.66666666666666,100.0,100.0,100.0,1.3805166666666668,1.5,INF,INF,789.760256028987,asset_long_open_tp1_5_sl3_cap1__3f__drawdown_5d=dd_1_3__streak_direction=up_1__day_of_week=tue,"Discovery Acao: compra no open, alvo +1.5% / stop -3% / cap 1D | Queda desde maxima 5D: 1% a 3% abaixo da maxima; Sequencia de altas/quedas: alta no ultimo pregao; Dia da semana: terca-feira",open,long,Queda desde maxima 5D: 1% a 3% abaixo da maxima; Sequencia de altas/quedas: alta no ultimo pregao; Dia da semana: terca-feira,"drawdown_5d,streak_direction,day_of_week",2025-06-03,2026-04-28
daytrade-cobertura-15,13,1D,POMO4,1.5,3.0,1,14,7,92.85714285714286,100.0,92.85714285714286,100.0,1.3849357142857142,1.5,175.8341,INF,767.9116294802311,asset_long_open_tp1_5_sl3_cap1__3f__close_vs_sma20=up_1_5__compression_3v20=low__streak_direction=up_2_3,"Discovery Acao: compra no open, alvo +1.5% / stop -3% / cap 1D | Fechamento vs MM20: acima leve; Compressao 3D vs 20D: baixo; Sequencia de altas/quedas: alta em 2 a 3 pregoes seguidos",open,long,Fechamento vs MM20: acima leve; Compressao 3D vs 20D: baixo; Sequencia de altas/quedas: alta em 2 a 3 pregoes seguidos,"close_vs_sma20,compression_3v20,streak_direction",2025-06-02,2026-04-02
daytrade-cobertura-15,8,1D,PRIO3,1.5,3.0,1,15,5,93.33333333333333,100.0,100.0,100.0,1.4584533333333334,1.5,INF,INF,745.4404731027485,asset_long_open_tp1_5_sl3_cap1__2f__close_vs_sma50=up_5_10__compression_3v20=high,"Discovery Acao: compra no open, alvo +1.5% / stop -3% / cap 1D | Fechamento vs MM50: acima forte; Compressao 3D vs 20D: alto",open,long,Fechamento vs MM50: acima forte; Compressao 3D vs 20D: alto,"close_vs_sma50,compression_3v20",2025-06-04,2026-04-16
daytrade-cobertura-15,44,1D,PSSA3,1.5,3.0,1,11,4,90.9090909090909,100.0,90.9090909090909,100.0,1.0909090909090908,1.5,5.0000,INF,684.5786162287405,asset_long_open_tp1_5_sl3_cap1__3f__sma50_slope_10d=near__range_position_10d=upper_band__range_position_20d=upper_band,"Discovery Acao: compra no open, alvo +1.5% / stop -3% / cap 1D | Inclinacao da MM50 em 10D: perto do equilibrio; Posicao no range 10D: fechou na metade superior; Posicao no range 20D: fechou na metade superior",open,long,Inclinacao da MM50 em 10D: perto do equilibrio; Posicao no range 10D: fechou na metade superior; Posicao no range 20D: fechou na metade superior,"sma50_slope_10d,range_position_10d,range_position_20d",2025-08-07,2026-04-15
daytrade-cobertura-15,45,1D,RADL3,1.5,3.0,1,11,9,90.9090909090909,100.0,90.9090909090909,100.0,1.2813272727272726,1.5,16.5673,INF,768.4770398365883,asset_long_open_tp1_5_sl3_cap1__2f__prev_ret_3d=up_1_3__day_of_week=tue,"Discovery Acao: compra no open, alvo +1.5% / stop -3% / cap 1D | Retorno acumulado 3D: alta de 1% a 3%; Dia da semana: terca-feira",open,long,Retorno acumulado 3D: alta de 1% a 3%; Dia da semana: terca-feira,"prev_ret_3d,day_of_week",2025-05-27,2026-04-14
daytrade-cobertura-15,3,1D,RAIL3,1.5,3.0,1,20,11,95.0,100.0,100.0,100.0,1.44542,1.5,INF,INF,803.1699466319785,asset_long_open_tp1_5_sl3_cap1__3f__gap_pct=flat__intraday_return_prev=flat__day_of_week=tue,"Discovery Acao: compra no open, alvo +1.5% / stop -3% / cap 1D | Gap da abertura: neutro; Retorno intraday do candle de referencia: neutro; Dia da semana: terca-feira",open,long,Gap da abertura: neutro; Retorno intraday do candle de referencia: neutro; Dia da semana: terca-feira,"gap_pct,intraday_return_prev,day_of_week",2025-05-20,2026-04-14
daytrade-cobertura-15,46,1D,RDOR3,1.5,3.0,1,11,7,90.9090909090909,100.0,90.9090909090909,100.0,1.3372454545454546,1.5,51.6707,INF,783.6962687539931,asset_long_open_tp1_5_sl3_cap1__2f__prev_ret_5d=up_1_3__day_of_week=thu,"Discovery Acao: compra no open, alvo +1.5% / stop -3% / cap 1D | Retorno acumulado 5D: alta de 1% a 3%; Dia da semana: quinta-feira",open,long,Retorno acumulado 5D: alta de 1% a 3%; Dia da semana: quinta-feira,"prev_ret_5d,day_of_week",2025-08-21,2026-02-26
daytrade-cobertura-15,47,1D,RECV3,1.5,3.0,1,11,9,90.9090909090909,100.0,100.0,100.0,1.4312272727272728,1.5,INF,INF,782.2785960267204,asset_long_open_tp1_5_sl3_cap1__3f__gap_pct=flat__drawdown_10d=dd_6_10__day_of_week=tue,"Discovery Acao: compra no open, alvo +1.5% / stop -3% / cap 1D | Gap da abertura: neutro; Queda desde maxima 10D: 6% a 10% abaixo da maxima; Dia da semana: terca-feira",open,long,Gap da abertura: neutro; Queda desde maxima 10D: 6% a 10% abaixo da maxima; Dia da semana: terca-feira,"gap_pct,drawdown_10d,day_of_week",2025-05-20,2026-03-24
daytrade-cobertura-15,29,1D,SANB11,1.5,3.0,1,12,7,100.0,100.0,100.0,100.0,1.5,1.5,INF,INF,784.633449968381,asset_long_open_tp1_5_sl3_cap1__2f__range_position_5d=lower_band__day_of_week=tue,"Discovery Acao: compra no open, alvo +1.5% / stop -3% / cap 1D | Posicao no range 5D: fechou na metade inferior; Dia da semana: terca-feira",open,long,Posicao no range 5D: fechou na metade inferior; Dia da semana: terca-feira,"range_position_5d,day_of_week",2025-06-03,2026-03-31
daytrade-cobertura-15,30,1D,SBSP3,1.5,3.0,1,12,9,91.66666666666666,100.0,91.66666666666666,100.0,1.3591583333333332,1.5,86.7964,INF,781.5266833017142,asset_long_open_tp1_5_sl3_cap1__3f__prev_ret_2d=flat__drawdown_10d=dd_1_3__day_of_week=tue,"Discovery Acao: compra no open, alvo +1.5% / stop -3% / cap 1D | Retorno acumulado 2D: neutro; Queda desde maxima 10D: 1% a 3% abaixo da maxima; Dia da semana: terca-feira",open,long,Retorno acumulado 2D: neutro; Queda desde maxima 10D: 1% a 3% abaixo da maxima; Dia da semana: terca-feira,"prev_ret_2d,drawdown_10d,day_of_week",2025-05-20,2026-04-07
daytrade-cobertura-15,48,1D,SMFT3,1.5,3.0,1,11,6,100.0,100.0,100.0,100.0,1.5,1.5,INF,INF,779.4978081479325,asset_long_open_tp1_5_sl3_cap1__3f__prev_ret_1d=flat__range_position_20d=near_low__drawdown_10d=dd_10_15,"Discovery Acao: compra no open, alvo +1.5% / stop -3% / cap 1D | Retorno acumulado 1D: neutro; Posicao no range 20D: fechou perto da minima; Queda desde maxima 10D: 10% a 15% abaixo da maxima",open,long,Retorno acumulado 1D: neutro; Posicao no range 20D: fechou perto da minima; Queda desde maxima 10D: 10% a 15% abaixo da maxima,"prev_ret_1d,range_position_20d,drawdown_10d",2025-07-15,2026-03-16
daytrade-cobertura-15,58,1D,TAEE11,1.5,3.0,1,10,8,90.0,100.0,100.0,100.0,1.35301,1.5,INF,INF,766.9179381818182,asset_long_open_tp1_5_sl3_cap1__3f__prev_ret_2d=up_1_3__day_of_week=tue__volume_spike_1d=very_low,"Discovery Acao: compra no open, alvo +1.5% / stop -3% / cap 1D | Retorno acumulado 2D: alta de 1% a 3%; Dia da semana: terca-feira; Spike de volume vs maximo 5D: muito baixo",open,long,Retorno acumulado 2D: alta de 1% a 3%; Dia da semana: terca-feira; Spike de volume vs maximo 5D: muito baixo,"prev_ret_2d,day_of_week,volume_spike_1d",2025-05-27,2026-03-17
daytrade-cobertura-15,59,1D,TIMS3,1.5,3.0,1,10,7,90.0,100.0,90.0,100.0,1.05,1.5,4.5000,INF,695.1833333333334,asset_long_open_tp1_5_sl3_cap1__3f__prev_ret_5d=flat__sma50_slope_10d=up_1_5__day_of_week=tue,"Discovery Acao: compra no open, alvo +1.5% / stop -3% / cap 1D | Retorno acumulado 5D: neutro; Inclinacao da MM50 em 10D: acima leve; Dia da semana: terca-feira",open,long,Retorno acumulado 5D: neutro; Inclinacao da MM50 em 10D: acima leve; Dia da semana: terca-feira,"prev_ret_5d,sma50_slope_10d,day_of_week",2025-05-27,2026-04-07
daytrade-cobertura-15,31,1D,TOTS3,1.5,3.0,1,12,6,91.66666666666666,100.0,91.66666666666666,100.0,1.3384999999999998,1.5,37.6712,INF,758.1651469380779,asset_long_open_tp1_5_sl3_cap1__3f__prev_ret_5d=up_1_3__intraday_return_prev=flat__range_position_10d=middle,"Discovery Acao: compra no open, alvo +1.5% / stop -3% / cap 1D | Retorno acumulado 5D: alta de 1% a 3%; Retorno intraday do candle de referencia: neutro; Posicao no range 10D: fechou no meio",open,long,Retorno acumulado 5D: alta de 1% a 3%; Retorno intraday do candle de referencia: neutro; Posicao no range 10D: fechou no meio,"prev_ret_5d,intraday_return_prev,range_position_10d",2025-06-17,2026-04-08
daytrade-cobertura-15,32,1D,UGPA3,1.5,3.0,1,12,7,91.66666666666666,100.0,91.66666666666666,100.0,1.3331,1.5,32.8162,INF,763.0473166350477,asset_long_open_tp1_5_sl3_cap1__3f__sma20_slope_5d=near__compression_3v20=high__close_vs_ema9=up_1_5,"Discovery Acao: compra no open, alvo +1.5% / stop -3% / cap 1D | Inclinacao da MM20 em 5D: perto do equilibrio; Compressao 3D vs 20D: alto; Fechamento vs EMA9: acima leve",open,long,Inclinacao da MM20 em 5D: perto do equilibrio; Compressao 3D vs 20D: alto; Fechamento vs EMA9: acima leve,"sma20_slope_5d,compression_3v20,close_vs_ema9",2025-06-12,2026-05-11
daytrade-cobertura-15,33,1D,VBBR3,1.5,3.0,1,12,9,91.66666666666666,100.0,100.0,100.0,1.449025,1.5,INF,INF,784.3096287562597,asset_long_open_tp1_5_sl3_cap1__3f__range_position_20d=middle__drawdown_10d=dd_3_6__day_of_week=tue,"Discovery Acao: compra no open, alvo +1.5% / stop -3% / cap 1D | Posicao no range 20D: fechou no meio; Queda desde maxima 10D: 3% a 6% abaixo da maxima; Dia da semana: terca-feira",open,long,Posicao no range 20D: fechou no meio; Queda desde maxima 10D: 3% a 6% abaixo da maxima; Dia da semana: terca-feira,"range_position_20d,drawdown_10d,day_of_week",2025-07-29,2026-05-05
daytrade-cobertura-15,49,1D,VIVT3,1.5,3.0,1,11,6,100.0,100.0,100.0,100.0,1.5,1.5,INF,INF,776.4675051176295,asset_long_open_tp1_5_sl3_cap1__3f__sma5_vs_sma20=near__range_position_5d=near_high__range_position_10d=near_high,"Discovery Acao: compra no open, alvo +1.5% / stop -3% / cap 1D | MM5 vs MM20: perto do equilibrio; Posicao no range 5D: fechou perto da maxima; Posicao no range 10D: fechou perto da maxima",open,long,MM5 vs MM20: perto do equilibrio; Posicao no range 5D: fechou perto da maxima; Posicao no range 10D: fechou perto da maxima,"sma5_vs_sma20,range_position_5d,range_position_10d",2025-06-02,2026-04-02
daytrade-cobertura-15,34,1D,WEGE3,1.5,3.0,1,12,6,100.0,100.0,100.0,100.0,1.5,1.5,INF,INF,790.5620213969524,asset_long_open_tp1_5_sl3_cap1__3f__prev_ret_2d=up_3_5__positive_days_10d=strong__close_vs_ema21=up_5_10,"Discovery Acao: compra no open, alvo +1.5% / stop -3% / cap 1D | Retorno acumulado 2D: alta de 3% a 5%; Dias positivos nos ultimos 10 pregoes: 6 a 7 dias positivos em 10D; Fechamento vs EMA21: acima forte",open,long,Retorno acumulado 2D: alta de 3% a 5%; Dias positivos nos ultimos 10 pregoes: 6 a 7 dias positivos em 10D; Fechamento vs EMA21: acima forte,"prev_ret_2d,positive_days_10d,close_vs_ema21",2025-10-24,2026-04-09
daytrade-cobertura-10,8,1D,BBDC4,1.0,2.0,1,18,6,94.44444444444444,100.0,94.44444444444444,100.0,0.9292555555555556,1.0,62.1800,INF,731.582135596382,asset_long_open_tp1_sl2_cap1__3f__prev_ret_1d=flat__positive_days_5d=strong__positive_days_10d=very_strong,"Discovery Acao: compra no open, alvo +1% / stop -2% / cap 1D | Retorno acumulado 1D: neutro; Dias positivos nos ultimos 5 pregoes: 4 a 5 dias positivos em 5D; Dias positivos nos ultimos 10 pregoes: 8 a 10 dias positivos em 10D",open,long,Retorno acumulado 1D: neutro; Dias positivos nos ultimos 5 pregoes: 4 a 5 dias positivos em 5D; Dias positivos nos ultimos 10 pregoes: 8 a 10 dias positivos em 10D,"prev_ret_1d,positive_days_5d,positive_days_10d",2025-05-27,2026-04-17
daytrade-cobertura-10,58,1D,BBSE3,1.0,2.0,1,10,7,90.0,100.0,100.0,100.0,0.9497500000000001,1.0,INF,INF,732.9803333333334,asset_long_open_tp1_sl2_cap1__3f__range_position_10d=lower_band__drawdown_5d=dd_1_3__streak_direction=down_2_3,"Discovery Acao: compra no open, alvo +1% / stop -2% / cap 1D | Posicao no range 10D: fechou na metade inferior; Queda desde maxima 5D: 1% a 3% abaixo da maxima; Sequencia de altas/quedas: queda em 2 a 3 pregoes seguidos",open,long,Posicao no range 10D: fechou na metade inferior; Queda desde maxima 5D: 1% a 3% abaixo da maxima; Sequencia de altas/quedas: queda em 2 a 3 pregoes seguidos,"range_position_10d,drawdown_5d,streak_direction",2025-06-26,2026-05-14
daytrade-cobertura-10,48,1D,CXSE3,1.0,2.0,1,11,8,90.9090909090909,100.0,90.9090909090909,100.0,0.8900181818181818,1.0,47.6644,INF,749.8295414812658,asset_long_open_tp1_sl2_cap1__3f__gap_pct=flat__gap_vs_range20=rel_soft_up__atr_return_1d=rel_near,"Discovery Acao: compra no open, alvo +1% / stop -2% / cap 1D | Gap da abertura: neutro; Gap vs range medio 20D: levemente acima; Retorno 1D normalizado por ATR: perto do normal",open,long,Gap da abertura: neutro; Gap vs range medio 20D: levemente acima; Retorno 1D normalizado por ATR: perto do normal,"gap_pct,gap_vs_range20,atr_return_1d",2025-06-06,2026-03-31
daytrade-cobertura-10,49,1D,ISAE4,1.0,2.0,1,11,7,90.9090909090909,100.0,90.9090909090909,100.0,0.8925454545454545,1.0,54.9451,INF,745.3043131984375,asset_long_open_tp1_sl2_cap1__3f__prev_ret_2d=up_1_3__sma20_vs_sma50=up_1_5__intraday_return_prev=up_1_3,"Discovery Acao: compra no open, alvo +1% / stop -2% / cap 1D | Retorno acumulado 2D: alta de 1% a 3%; MM20 vs MM50: acima leve; Retorno intraday do candle de referencia: alta de 1% a 3%",open,long,Retorno acumulado 2D: alta de 1% a 3%; MM20 vs MM50: acima leve; Retorno intraday do candle de referencia: alta de 1% a 3%,"prev_ret_2d,sma20_vs_sma50,intraday_return_prev",2025-09-18,2026-05-04
daytrade-cobertura-10,37,1D,KLBN11,1.0,2.0,1,12,5,91.66666666666666,100.0,91.66666666666666,100.0,0.75,1.0,5.5000,INF,656.3001166350476,asset_long_open_tp1_sl2_cap1__3f__gap_pct=flat__sma20_vs_sma50=up_1_5__day_of_week=tue,"Discovery Acao: compra no open, alvo +1% / stop -2% / cap 1D | Gap da abertura: neutro; MM20 vs MM50: acima leve; Dia da semana: terca-feira",open,long,Gap da abertura: neutro; MM20 vs MM50: acima leve; Dia da semana: terca-feira,"gap_pct,sma20_vs_sma50,day_of_week",2025-06-03,2026-03-17
daytrade-cobertura-10,51,1D,SLCE3,1.0,2.0,1,11,7,90.9090909090909,100.0,90.9090909090909,100.0,0.7272727272727273,1.0,5.0000,INF,679.0654072155315,asset_long_open_tp1_sl2_cap1__3f__sma50_slope_10d=near__intraday_return_prev=flat__volume_spike_1d=high,"Discovery Acao: compra no open, alvo +1% / stop -2% / cap 1D | Inclinacao da MM50 em 10D: perto do equilibrio; Retorno intraday do candle de referencia: neutro; Spike de volume vs maximo 5D: alto",open,long,Inclinacao da MM50 em 10D: perto do equilibrio; Retorno intraday do candle de referencia: neutro; Spike de volume vs maximo 5D: alto,"sma50_slope_10d,intraday_return_prev,volume_spike_1d",2025-05-28,2026-05-15
daytrade-cobertura-10,26,1D,VALE3,1.0,2.0,1,14,10,92.85714285714286,100.0,92.85714285714286,100.0,0.9167500000000001,1.0,78.5498,INF,765.6115827269844,asset_long_open_tp1_sl2_cap1__3f__gap_pct=flat__drawdown_10d=dd_1_3__day_of_week=tue,"Discovery Acao: compra no open, alvo +1% / stop -2% / cap 1D | Gap da abertura: neutro; Queda desde maxima 10D: 1% a 3% abaixo da maxima; Dia da semana: terca-feira",open,long,Gap da abertura: neutro; Queda desde maxima 10D: 1% a 3% abaixo da maxima; Dia da semana: terca-feira,"gap_pct,drawdown_10d,day_of_week",2025-06-10,2026-04-07
daytrade-cobertura-10,66,1D,VIVA3,1.0,2.0,1,8,4,100.0,100.0,100.0,100.0,1.0,1.0,INF,INF,724.2247198959356,asset_long_open_tp1_sl2_cap1__3f__intraday_return_prev=up_1_3__atr_return_1d=rel_soft_up__atr_return_5d=rel_near,"Discovery Acao: compra no open, alvo +1% / stop -2% / cap 1D | Retorno intraday do candle de referencia: alta de 1% a 3%; Retorno 1D normalizado por ATR: levemente acima; Retorno 5D normalizado por ATR: perto do normal",open,long,Retorno intraday do candle de referencia: alta de 1% a 3%; Retorno 1D normalizado por ATR: levemente acima; Retorno 5D normalizado por ATR: perto do normal,"intraday_return_prev,atr_return_1d,atr_return_5d",2025-07-21,2026-04-16
